index,percent_missing
case_id,0.0
last180dayaveragebalance_704A,89.89997494900332
last180dayturnover_1134A,90.82775650431235
last30dayturnover_651A,90.82775650431235
num_group1,0.0
openingdate_857D,9.662527287692804